Rk,Team,Conf,W-L,AdjEM,AdjO,AdjD,AdjT,Luck,AdjEM,OppO,OppD,AdjEM
1,Houston,Amer,30-2,29.3,119.1,89.8,63.5,0.035,3.37,107,103.7,0.58
2,UCLA,P12,29-4,27.93,115.8,87.9,66.5,0.015,8.55,109.5,100.9,0.79
3,Alabama,SEC,27-5,26.78,116.3,89.6,73.1,0.073,11.31,110.6,99.3,10.38
4,Connecticut,BE,25-8,25.3,119.4,94.1,66.8,-0.061,8.5,109.3,100.8,-1.37
5,Tennessee,SEC,23-10,24.67,112.7,88,65.6,-0.071,8.78,109.6,100.8,3.17
6,Purdue,B10,27-5,24.36,119.6,95.2,64.3,0.025,9.52,110.2,100.7,0.88
7,Gonzaga,WCC,28-5,24.23,124,99.8,70.2,0.047,7.48,110.3,102.9,8.24
8,Kansas,B12,27-6,24.07,115.3,91.3,69.5,0.099,13.93,111.7,97.8,6.96
9,Texas,B12,25-8,23.58,116.4,92.8,69.3,0.021,11.8,111,99.2,-0.64
10,Arizona,P12,27-6,22.58,120.5,98,72.6,0.032,8.33,107.9,99.5,3.6
11,Saint Mary's,WCC,26-7,21.88,113.6,91.7,61.9,0.004,6.4,110.4,104,4.64
12,Marquette,BE,27-6,21.1,120,98.9,68.7,0.016,8.33,109.3,101,-1.11
13,Creighton,BE,21-12,20.63,114.6,94,68,-0.074,10.36,111.1,100.8,6.4
14,Xavier,BE,25-8,20.37,120.6,100.3,70.7,-0.014,9.36,110.1,100.8,3.99
15,San Diego St.,MWC,26-6,20.05,112.6,92.6,66.1,0.041,8.7,110.3,101.6,7.56
16,Baylor,B12,22-10,19.97,121.9,101.9,66.6,0.032,12.98,111,98.1,2.01
17,West Virginia,B12,19-14,19.19,117.2,98,68.9,-0.054,12.85,111.2,98.4,2.4
18,Utah St.,MWC,26-7,19.1,118.7,99.6,68.9,0.019,7.34,108.8,101.5,3.58
19,Arkansas,SEC,20-13,18.6,112.7,94.1,69.8,-0.072,9.92,110.1,100.2,3.79
20,Texas A&M,SEC,24-8,18.46,114.4,95.9,66.2,0.036,7.04,108.4,101.4,-2.47
21,Maryland,B10,21-12,18.39,114.2,95.8,64.7,-0.039,8.07,109.5,101.4,-3.83
22,Iowa St.,B12,19-13,18.36,110,91.6,64.4,-0.034,12.95,112.5,99.6,-1.24
23,Kansas St.,B12,23-9,18.3,112.6,94.3,70.3,0.036,10.43,109.5,99,-2.56
24,Duke,ACC,25-8,18.06,113.7,95.6,65.3,0.056,6.59,109.9,103.3,2.25
25,TCU,B12,21-12,18.02,112.5,94.4,69.9,-0.034,10.71,109.9,99.2,-7.02
26,Kentucky,SEC,21-11,17.82,117.5,99.7,66.1,-0.014,8.72,109.6,100.9,0.89
27,Indiana,B10,22-10,17.7,114.9,97.2,68.1,0.037,10.49,110.7,100.2,-3.31
28,Auburn,SEC,20-12,17.35,112.7,95.4,67.7,-0.029,9.68,109.6,99.9,3.8
29,Florida Atlantic,CUSA,30-3,17.31,114.5,97.2,68.5,0.058,0.06,105.5,105.4,-2.5
30,Boise St.,MWC,24-9,17.17,111,93.9,66.6,0.013,7.67,109.7,102,1.46
31,Virginia,ACC,25-6,16.99,112.1,95.2,61.6,0.05,5.21,108.5,103.3,1.92
32,Michigan St.,B10,19-12,16.73,113.5,96.8,65,0.015,12.32,112.4,100.1,5.71
33,Memphis,Amer,24-8,16.69,114,97.4,72,-0.055,6.79,108.4,101.6,6.51
34,Illinois,B10,20-12,16.47,112.2,95.7,69.5,-0.045,8.51,109.3,100.8,-5.94
35,Rutgers,B10,19-14,15.78,105.9,90.1,66,-0.092,8.01,110,102,-7.69
36,Iowa,B10,19-13,15.63,120.6,105,69.7,-0.042,9.68,109,99.4,-2.08
37,USC,P12,22-10,15.63,113.2,97.5,68.2,0.018,7.87,107.6,99.7,1.67
38,Oklahoma St.,B12,18-15,15.17,107.9,92.7,67.7,-0.026,12.33,110.9,98.6,0.77
39,Miami FL,ACC,25-7,14.91,118.3,103.4,69,0.017,4.81,108.2,103.3,-2.64
40,Oregon,P12,19-14,14.86,114.5,99.7,66.4,-0.015,10.11,109.2,99.1,6.23
41,Northwestern,B10,21-11,14.83,108.6,93.8,65.1,0.033,8.64,109.6,100.9,-4.19
42,Nevada,MWC,22-10,14.81,112.1,97.3,66.2,0.013,7.76,109.7,101.9,3.88
43,Providence,BE,21-11,14.72,116.9,102.2,67,-0.01,6.59,108.5,101.9,-8.92
44,North Carolina,ACC,20-13,14.71,112.2,97.5,69.1,-0.072,7.67,109.8,102.1,7.08
45,Michigan,B10,17-15,14.69,112.8,98.2,67.6,-0.072,9.67,109.7,100.1,0.22
46,North Texas,CUSA,26-7,14.69,110.2,95.5,58.9,0.059,1.89,106.2,104.3,1.73
47,Penn St.,B10,21-12,14.52,117.1,102.6,64.5,0.015,9.02,109.2,100.2,-4.7
48,Liberty,ASun,26-8,14.48,112.7,98.3,64.6,-0.034,-2.53,103.9,106.4,1.83
49,Ohio St.,B10,16-18,14.35,116,101.6,66.1,-0.119,10.92,110.5,99.5,-2.4
50,Mississippi St.,SEC,21-12,14.02,105.4,91.4,63.9,0.008,7.56,108.8,101.2,-3.31
51,Missouri,SEC,24-8,14.01,120,106,69.4,0.121,7.07,107.9,100.8,-4.58
52,Cincinnati,Amer,21-11,13.88,113.1,99.2,68.6,-0.04,3.33,107.4,104.1,-2.53
53,New Mexico,MWC,22-11,13.87,116.1,102.3,71.7,-0.03,5.78,108.4,102.6,-0.31
54,UAB,CUSA,25-8,13.74,113.8,100.1,70.7,-0.045,-0.05,105.1,105.1,-4.34
55,Oklahoma,B12,15-17,13.67,111.2,97.5,65.4,-0.044,13.32,110.5,97.2,4.08
56,N.C. State,ACC,23-10,13.35,114,100.7,69.2,0.03,4.89,108.7,103.8,-4.8
57,Oral Roberts,Sum,30-4,13.28,115.4,102.1,70.6,0.103,-3.92,104.3,108.3,8.13
58,Washington St.,P12,17-16,13.22,112,98.8,64.4,-0.071,9.2,109.5,100.3,5.19
59,Colorado,P12,17-16,13.1,107.8,94.7,69.1,-0.078,8.65,108.7,100,3.99
60,Villanova,BE,17-16,12.97,113.9,100.9,63.8,-0.067,9.43,110.3,100.9,4.11
61,Texas Tech,B12,16-16,12.94,112,99,67.3,-0.08,9.85,110.3,100.4,-7.02
62,Florida,SEC,16-16,12.8,108.3,95.5,69.5,-0.077,9.48,110.2,100.8,5.24
63,Clemson,ACC,23-10,12.7,111.2,98.5,68.3,0.016,2.75,107.9,105.1,-5.56
64,Drake,MVC,27-7,12.53,110,97.4,66.5,0.026,-1.59,104.1,105.7,-1.66
65,UCF,Amer,18-14,12.49,110.1,97.6,64.6,-0.113,3.98,107.5,103.6,-0.24
66,Arizona St.,P12,22-12,12.33,107.6,95.3,68.5,0.069,8.67,109.1,100.4,1.25
67,Sam Houston St.,WAC,25-7,12.31,106.7,94.4,64.5,0.052,2.23,106.1,103.8,7.3
68,Yale,Ivy,20-7,12.19,111.1,98.9,66.3,-0.037,-1.31,104,105.3,0.33
69,Seton Hall,BE,17-15,12.19,106.7,94.6,66.6,-0.042,9.43,110.2,100.8,2.58
70,VCU,A10,25-7,12.02,106,94,68.2,0.017,-0.04,104.9,104.9,-1.83
71,Utah,P12,17-15,11.84,107.8,95.9,66.3,-0.077,6.86,107.8,100.9,-3.62
72,Charleston,CAA,31-3,11.72,111.5,99.8,71.1,0.052,-5.71,102.4,108.1,-1.98
73,BYU,WCC,19-15,11.58,109.3,97.7,69.7,-0.103,5.35,108.6,103.2,1.36
74,Dayton,A10,21-11,11.58,109.2,97.6,62.9,-0.061,-0.29,104.7,105,-1.66
75,Wisconsin,B10,17-14,11.55,106.6,95,63.2,0.004,10.68,111.4,100.7,1.18
76,Iona,MAAC,26-7,11.43,111.1,99.7,68.9,-0.005,-3.59,102.8,106.4,4.23
77,Pittsburgh,ACC,22-11,11.24,115.2,104,67.4,0.03,3.69,108.2,104.5,-2.97
78,Kent St.,MAC,27-6,11.16,107.6,96.4,68.2,0.02,-1.75,106,107.8,3.49
79,Vanderbilt,SEC,20-13,11.01,115.7,104.7,66.6,0.086,9.05,109.2,100.2,2.14
80,Utah Valley,WAC,25-8,10.98,107.5,96.5,70.1,0.046,2.18,106.4,104.2,5.16
81,Virginia Tech,ACC,19-14,10.25,114,103.7,66.7,-0.06,4.62,108.2,103.6,-3.82
82,Santa Clara,WCC,23-9,10.12,111.4,101.3,70.2,0.09,4.32,108.8,104.5,1.08
83,Toledo,MAC,27-6,9.85,119.6,109.7,69.7,0.04,-3.68,104.2,107.9,-1.09
84,Marshall,SB,24-8,9.78,111.4,101.6,72.2,-0.063,-2.62,104,106.6,-3.38
85,Stanford,P12,14-19,9.67,114.1,104.4,65.9,-0.125,8.08,107.9,99.8,-0.28
86,St. John's,BE,18-15,9.42,107.9,98.5,73.5,-0.013,6.77,108.5,101.7,-7.67
87,Bradley,MVC,25-9,9.26,107.2,98,65.3,0.063,-1.05,104.1,105.2,0.34
88,Wake Forest,ACC,19-14,8.58,112.2,103.6,69.7,-0.012,4.99,108.2,103.2,-2.15
89,Furman,SC,27-7,8.41,114.3,105.9,68.6,0,-4.38,104.1,108.5,-2.07
90,Hofstra,CAA,24-9,8.34,110.3,102,67.3,0.032,-3.39,103,106.4,6.8
91,UNLV,MWC,19-13,8.25,107.9,99.7,69.6,0.014,5.65,108,102.3,-2.47
92,Louisiana,SB,26-7,8.19,112.4,104.2,68.5,0.077,-0.23,104.4,104.6,0.27
93,San Jose St.,MWC,20-13,7.92,110.8,102.8,62.8,0.086,6.92,108.7,101.7,-1.06
94,Saint Louis,A10,21-11,7.74,111.6,103.9,69.3,0.033,2.05,105.2,103.2,4.11
95,South Alabama,SB,19-16,7.73,108.3,100.5,65.9,-0.111,0.95,105,104.1,3.82
96,Indiana St.,MVC,22-12,7.41,110.7,103.3,70.7,-0.104,-4.44,102.2,106.7,-6.5
97,Nebraska,B10,16-16,7.39,106.7,99.3,67.2,0.053,10.35,110.6,100.2,1.95
98,Southern Miss,SB,25-7,7.33,108.2,100.8,68.6,0.094,-0.74,104.9,105.6,-3.26
99,Tulane,Amer,20-10,7.31,111.3,103.9,73.1,0.052,1.25,105.3,104.1,-7.84
100,UC Irvine,BW,23-11,7.3,107.8,100.5,69.7,-0.045,-0.73,103.6,104.4,3.42
101,San Francisco,WCC,20-14,6.93,110.2,103.3,68.7,0.019,4.07,108.3,104.2,-2.5
102,James Madison,SB,22-11,6.76,106.8,100.1,70.6,-0.053,-1.37,103.9,105.2,-4.2
103,Southern Utah,WAC,22-11,6.7,110.9,104.2,72.1,0.037,3.38,106.3,102.9,5.45
104,Wichita St.,Amer,17-15,6.51,106.8,100.3,66.4,-0.049,2.84,106.6,103.7,-1.88
105,Akron,MAC,22-11,6.45,110.2,103.7,65.4,0.002,-1.73,105.2,106.9,-0.48
106,Colorado St.,MWC,15-18,6.39,112.3,105.9,66.3,-0.055,7.43,108.6,101.2,2.18
107,Washington,P12,16-16,6.38,105.9,99.5,69.3,0.037,8.12,108.3,100.2,-0.07
108,Loyola Marymount,WCC,19-12,6.29,110.1,103.8,67.2,0.079,4.35,109.1,104.7,0.41
109,UC Santa Barbara,BW,26-7,6.19,111.5,105.3,64.8,0.057,-2.54,102.8,105.4,-2.67
110,Montana St.,BSky,25-9,5.77,105.5,99.7,66.6,0.082,-1.03,106.4,107.5,4.52
111,Colgate,Pat,26-8,5.29,113.1,107.8,68,0.004,-7.65,100.8,108.5,-1.1
112,Grand Canyon,WAC,23-11,5.11,112.1,107,65.3,0.045,0.93,104.7,103.7,0.17
113,Vermont,AE,22-10,5.05,110,105,64.7,0.048,-3.61,103.5,107.1,5.95
114,Cal St. Fullerton,BW,20-12,5.04,105.6,100.5,64.7,0.018,0.84,104.7,103.9,3.95
115,Mississippi,SEC,21-Dec,4.94,106.8,101.9,66.2,-0.078,7.96,109,101,1.31
116,UNC Greensboro,SC,20-12,4.93,103.6,98.7,66.1,-0.044,-2.32,105.6,107.9,2.92
117,Princeton,Ivy,19-8,4.64,108.3,103.7,67.8,0.013,-2.93,103.2,106.1,-4.83
118,Charlotte,CUSA,18-14,4.59,108,103.4,60.6,-0.038,-0.71,104.7,105.4,-6.99
119,Temple,Amer,16-16,4.58,107.3,102.8,66.2,0.021,5.08,107.1,102,1.33
120,Syracuse,ACC,17-15,4.5,110.5,106,67.6,0.002,2.96,107.7,104.8,-5.72
121,Middle Tennessee,CUSA,19-14,4.11,106.5,102.4,67.1,0.027,2.74,107.1,104.3,1.8
122,Eastern Washington,BSky,22-10,4.1,111.7,107.6,68.6,0.064,-1.57,104.9,106.5,1.99
123,Belmont,MVC,21-11,4.09,111.7,107.6,68.5,0.025,-1.43,104,105.4,0.88
124,Duquesne,A10,20-12,3.99,108.8,104.8,68.3,0.012,-1.68,104.8,106.5,-3.94
125,Butler,BE,14-18,3.96,102.4,98.5,65.6,-0.001,9.89,110.9,101,1.24
126,Hawaii,BW,22-11,3.87,102.1,98.3,64.9,-0.014,-3.04,103.1,106.1,-5.62
127,Kennesaw St.,ASun,26-8,3.6,106.4,102.8,68.6,0.147,-1.52,105.3,106.8,4.98
128,Troy,SB,20-13,3.57,104.9,101.4,68,-0.02,-0.07,104.7,104.8,0.15
129,Youngstown St.,Horz,24-9,3.56,113.1,109.5,68.1,-0.01,-6.58,102.4,109,-5.33
130,Towson,CAA,21-12,3.47,108.3,104.8,65,-0.048,-4.65,102.4,107,-3.46
131,Ohio,MAC,19-14,3.42,111,107.6,68.5,-0.038,-2.06,105.9,107.9,0.18
132,Penn,Ivy,17-12,3.23,110.3,107.1,67.1,0.008,-0.93,104.8,105.7,-0.54
133,Stephen F. Austin,WAC,19-13,3.19,105.6,102.4,69.4,-0.004,0.1,105.2,105.1,-1.68
134,UMass Lowell,AE,26-7,3.09,108.5,105.4,69,0.013,-10.77,98.5,109.3,-12.59
135,Fresno St.,MWC,20-Nov,2.98,103.6,100.6,64.4,-0.083,6.83,109.6,102.8,1.15
136,Samford,SC,21-11,2.93,109.4,106.5,68.5,0.002,-3.83,104.3,108.1,-1.57
137,Southern Illinois,MVC,23-10,2.92,101.5,98.5,64,0.087,-1.94,104,105.9,-3.15
138,Fordham,A10,25-7,2.84,102.7,99.8,70,0.127,-4.96,101.8,106.8,-13.43
139,UC Riverside,BW,22-12,2.68,107.9,105.3,67,0.097,0.42,104.7,104.3,4.49
140,Davidson,A10,16-16,2.43,107.7,105.3,65.2,-0.034,1.21,105,103.8,-1.38
141,Seattle,WAC,20-12,2.34,102.2,99.8,69.3,0.092,1.59,106.5,104.9,1.14
142,Cornell,Ivy,17-10,2.31,112.9,110.6,71.3,-0.013,-2.54,103.5,106,-4.54
143,DePaul,BE,23-Oct,2.27,107.9,105.6,68.9,-0.012,10.21,110.5,100.3,2.36
144,Air Force,MWC,14-18,1.97,106.4,104.4,63.3,-0.057,2.43,107.2,104.8,-10.19
145,LSU,SEC,14-19,1.6,106.7,105.1,66,0.027,6.71,108.7,102,-6.16
146,Utah Tech,WAC,14-19,1.54,108,106.4,68.7,-0.1,2.93,106.5,103.5,4.21
147,George Mason,A10,20-13,1.54,102.9,101.4,66.5,0.061,-0.75,104.9,105.7,-1.6
148,UNC Asheville,BSth,27-7,1.51,104.3,102.8,68.6,0.152,-5.27,102.8,108.1,-0.52
149,Georgia,SEC,16-16,1.39,104.5,103.1,67.8,0.069,4.42,107.6,103.2,-6.97
150,Missouri St.,MVC,17-15,1.33,104.7,103.4,62.3,-0.021,-0.76,104,104.8,1.69
151,South Florida,Amer,14-18,1.33,106,104.7,68.5,-0.067,0.76,105.5,104.7,-6.95
152,Portland,WCC,14-19,1.24,111.1,109.9,69.2,-0.056,4.45,108.7,104.3,0.64
153,Wyoming,MWC,22-Sep,1.24,108,106.7,65.8,-0.099,7.35,109.2,101.9,-0.18
154,UC Davis,BW,18-14,1.15,104.9,103.8,70.6,-0.028,-1.74,103.5,105.2,-0.76
155,Richmond,A10,15-18,1.09,103.9,102.8,65.5,-0.075,-0.47,105,105.5,-2.51
156,Cal Baptist,WAC,17-16,1.07,103.9,102.8,64.2,-0.047,-0.67,104.2,104.8,-6.58
157,Lipscomb,ASun,20-13,0.99,105,104,69.6,-0.001,-2.6,105.7,108.3,-2.37
158,UNC Wilmington,CAA,24-10,0.83,102.5,101.7,65.5,0.133,-3.38,103.3,106.7,3.9
159,Montana,BSky,17-14,0.68,109,108.4,63.8,0.017,-0.72,105.7,106.5,3.68
160,Tarleton St.,WAC,17-16,0.58,103.6,103.1,66.7,0.027,3.68,106.9,103.2,7.33
161,Northern Kentucky,Horz,22-12,0.51,103.5,102.9,62.1,0.053,-3.84,104.5,108.4,4.24
162,Long Beach St.,BW,17-16,0.51,105.5,105,73,-0.012,0.31,104,103.7,6.56
163,Harvard,Ivy,14-14,0.31,101.4,101.1,66,-0.081,-1.68,104.1,105.8,-2.78
164,Ball St.,MAC,20-12,0.22,108.3,108,67.7,0.019,-3.38,105,108.4,-3.98
165,Stetson,ASun,17-13,0.17,113.8,113.6,64.8,0.034,-0.62,105.8,106.4,6.4
166,South Dakota St.,Sum,19-13,0.17,105.3,105.1,66.7,0.066,-1.71,105.2,106.9,8.6
167,Georgia Tech,ACC,15-18,0.15,104.3,104.2,66.8,-0.003,4.45,108.9,104.5,-2.97
168,Notre Dame,ACC,21-Nov,0,108.8,108.8,65,-0.066,3.22,107.8,104.6,-3.77
169,Eastern Kentucky,ASun,20-13,-0.06,103.5,103.5,70.3,0.072,-1.12,105.2,106.3,2.85
170,Grambling St.,SWAC,24-8,-0.19,101,101.2,66.3,0.108,-8.74,99.1,107.9,3.97
171,Texas A&M Corpus Chris,Slnd,23-10,-0.22,107.5,107.7,69.4,0.019,-9.02,101.3,110.4,1.44
172,Longwood,BSth,20-12,-0.27,104.4,104.6,66.1,-0.032,-7.26,102.1,109.3,-7.97
173,Boston College,ACC,16-17,-0.4,102.7,103.1,66.7,0.09,3.94,108.3,104.4,-4.24
174,Louisiana Tech,CUSA,15-18,-0.49,105.4,105.9,66.7,-0.028,2.44,106.2,103.8,0.77
175,Old Dominion,SB,19-12,-0.59,103.3,103.9,65.1,0.099,-0.54,104.4,105,-1.48
176,East Carolina,Amer,16-17,-0.63,103.5,104.1,67.6,0.036,1,105.9,104.9,-8.46
177,Appalachian St.,SB,16-16,-0.73,101.5,102.3,65.1,-0.035,-0.62,104.9,105.5,-0.73
178,Cleveland St.,Horz,21-13,-0.78,104.5,105.3,66.1,0.029,-4.96,103.4,108.4,0.34
179,Pepperdine,WCC,22-Sep,-0.79,105.5,106.3,72.3,-0.14,5.42,109.9,104.5,3.33
180,SMU,Amer,22-Oct,-0.85,103.4,104.3,69.7,-0.048,6.41,108.2,101.8,4.24
181,Pacific,WCC,15-18,-0.89,108.4,109.3,69.7,0.043,2.21,107.7,105.5,-3.22
182,Radford,BSth,19-14,-0.98,104.5,105.5,64.6,-0.038,-4.43,103.7,108.2,0.83
183,Brown,Ivy,14-13,-1,100.8,101.8,69.4,0.005,-2.22,104.2,106.4,-4.26
184,Chattanooga,SC,18-17,-1.04,108.3,109.3,68.6,-0.065,-2.55,105.1,107.7,1.12
185,Navy,Pat,18-13,-1.04,103.9,104.9,64.6,-0.038,-7,101.7,108.7,-1.65
186,Western Kentucky,CUSA,17-16,-1.04,104.8,105.8,67.7,0.052,1.3,105.9,104.6,-3.59
187,New Mexico St.,WAC,15-Sep,-1.08,105.8,106.9,69.4,-0.088,4.09,106.3,102.2,4.39
188,Texas St.,SB,16-19,-1.2,104.9,106.1,63.7,0.001,0.58,104.9,104.3,-0.58
189,North Carolina Central,MEAC,18-12,-1.23,100.9,102.2,68,-0.058,-5.9,101.3,107.2,5.04
190,Florida Gulf Coast,ASun,17-15,-1.24,105.1,106.3,66.5,0.006,-2.81,104.5,107.3,1.22
191,Weber St.,BSky,18-15,-1.32,100.6,101.9,65.3,0.064,0.25,106.5,106.2,5.54
192,Norfolk St.,MEAC,22-10,-1.34,107.9,109.3,65.6,0.086,-7.87,100.3,108.2,-1.48
193,Abilene Christian,WAC,13-17,-1.44,106,107.5,69.3,-0.05,2.47,105.7,103.2,0.28
194,Wright St.,Horz,18-15,-1.46,104.5,106,71.4,-0.081,-5.71,103.3,109,-1.59
195,Saint Joseph's,A10,16-17,-1.49,104.6,106.1,69.4,-0.007,-1.78,104.5,106.3,-5.72
196,Quinnipiac,MAAC,20-12,-1.53,104.3,105.8,69.8,0.007,-5.56,101.2,106.8,-3.55
197,UTEP,CUSA,14-18,-1.58,99.2,100.7,67.1,-0.008,1.36,106.2,104.8,-2.2
198,St. Thomas,Sum,19-14,-1.78,108,109.7,66.2,-0.001,-4.33,103.4,107.8,-1.9
199,Detroit Mercy,Horz,14-19,-1.83,111.7,113.6,67.4,-0.103,-3.17,104.2,107.4,4.59
200,St. Bonaventure,A10,14-18,-2,101.4,103.4,65.8,-0.032,-0.94,104.6,105.5,-3.57
201,Drexel,CAA,17-15,-2.02,101.3,103.3,63.8,-0.074,-6.44,101.3,107.7,-1.55
202,Buffalo,MAC,15-17,-2.56,104.4,106.9,72.3,0.004,1.11,107,105.9,6.18
203,Gardner Webb,BSth,15-16,-2.57,99.1,101.7,66.3,-0.091,-3.98,103.8,107.8,1.68
204,Rider,MAAC,16-14,-2.6,106.4,109,65.2,-0.039,-5.6,101.3,106.9,-2.55
205,Georgia Southern,SB,17-16,-2.6,100.5,103.1,66.8,0.005,-1.55,105.1,106.7,-3.79
206,Queens,ASun,18-15,-2.62,107.3,109.9,70.2,0.003,-2.67,104.4,107.1,-3.52
207,Siena,MAAC,17-15,-2.68,102.4,105.1,67,-0.03,-5.36,101.6,107,-3.71
208,Florida St.,ACC,23-Sep,-2.81,105.3,108.1,68.9,-0.022,6.04,109.2,103.1,3.19
209,Bryant,AE,17-13,-2.82,105,107.9,72.1,0.004,-4.39,103.4,107.8,1.83
210,Oregon St.,P12,21-Nov,-2.91,100.4,103.3,63.8,0.015,7.23,107.8,100.5,-6.52
211,Northern Arizona,BSky,23-Dec,-2.92,108,111,67,-0.084,1.17,106.8,105.6,8.41
212,Massachusetts,A10,15-16,-2.98,101.1,104,70.7,0.036,-0.29,104.5,104.8,-1.06
213,North Dakota St.,Sum,16-17,-3.04,104.7,107.8,68.2,0.007,-1.35,106.4,107.8,7.31
214,Northwestern St.,Slnd,22-11,-3.08,106.2,109.2,66.8,0.085,-7.6,102.5,110.1,2.67
215,Rice,CUSA,18-15,-3.23,107.5,110.8,70,0.096,0.92,105.7,104.8,-6.03
216,Minnesota,B10,22-Sep,-3.3,102.7,106,66,0.03,8.87,108.8,100,-7.43
217,George Washington,A10,16-16,-3.32,109.3,112.7,69.2,0.025,-1.72,103.4,105.1,-5.56
218,Howard,MEAC,21-12,-3.36,104,107.4,69.2,0.084,-6.25,101.2,107.5,0.23
219,Northern Iowa,MVC,14-18,-3.4,103.3,106.7,67.9,-0.018,-1.19,104.3,105.5,-1.66
220,South Carolina,SEC,21-Nov,-3.42,103.8,107.2,64.5,0.042,6.67,108.6,101.9,-3.03
221,Northern Colorado,BSky,20-Dec,-3.49,107.8,111.3,69.7,-0.01,-0.07,106.2,106.3,5.87
222,FIU,CUSA,14-18,-3.56,103,106.5,70.2,-0.003,0,105.8,105.8,-8.1
223,San Diego,WCC,20-Nov,-3.81,110.7,114.5,68.9,-0.03,2.95,107.7,104.7,-2.45
224,La Salle,A10,15-19,-4.31,103.6,107.9,67.9,0.04,-1.03,104.1,105.1,-2.36
225,Georgetown,BE,25-Jul,-4.36,104,108.4,69,-0.056,8.31,110,101.7,-5.22
226,Sacramento St.,BSky,14-18,-4.41,104,108.5,62.6,0.012,-0.3,105.6,105.9,3.9
227,Murray St.,MVC,17-15,-4.42,105.9,110.3,66.9,0.095,-0.88,104.1,105,-1.21
228,Milwaukee,Horz,21-11,-4.63,103.2,107.8,72.1,0.131,-4.82,103.5,108.3,0.8
229,Campbell,BSth,16-18,-4.77,105.1,109.9,64.4,-0.049,-4.62,102.6,107.3,-1.22
230,Mercer,SC,14-19,-4.88,99.8,104.7,64.7,-0.085,-3.28,104.7,108,-2.09
231,North Florida,ASun,14-17,-4.93,110,114.9,68.1,0.012,-1.31,105.8,107.1,5.97
232,Wofford,SC,17-16,-4.95,109,113.9,65.3,0.023,-2.76,104.2,107,-1.06
233,Jacksonville St.,ASun,13-18,-5.23,102.3,107.6,65.8,-0.044,-1.33,105.5,106.8,1.95
234,Western Carolina,SC,18-15,-5.38,103.2,108.5,67.5,0.051,-3.59,104.2,107.8,-3.78
235,Jacksonville,ASun,13-16,-5.45,100.4,105.8,61.3,-0.009,-0.5,106.5,107,6.59
236,Robert Morris,Horz,16-17,-5.48,99.3,104.8,66.5,-0.041,-5.55,103,108.6,-1.7
237,Portland St.,BSky,19-Dec,-5.58,103.1,108.7,72.5,0.008,0.16,106.3,106.2,5.49
238,Delaware,CAA,17-16,-5.59,102.6,108.2,67.3,0.042,-3.71,103.6,107.3,-0.64
239,Purdue Fort Wayne,Horz,17-15,-5.82,100.9,106.7,69.2,0.023,-4.74,103.9,108.6,-1.33
240,UT Arlington,WAC,21-Nov,-6.1,100,106.1,66,0.011,3.48,106,102.5,4.72
241,SIU Edwardsville,OVC,19-14,-6.19,100.2,106.4,69.3,-0.012,-8.02,102,110,-0.88
242,Alcorn St.,SWAC,18-13,-6.23,102.1,108.4,67.4,0.139,-5.4,99.7,105.1,8.81
243,Idaho St.,BSky,21-Nov,-6.25,102.4,108.7,65.4,-0.084,-2.02,105.3,107.4,-1.66
244,East Tennessee St.,SC,20-Dec,-6.3,101.3,107.6,65.9,-0.111,-4.22,104.2,108.4,-4.55
245,Northern Illinois,MAC,13-19,-6.37,101,107.4,69.3,-0.016,-1.8,105.2,107,3.04
246,UT Rio Grande Valley,WAC,15-17,-6.39,104.1,110.4,72.8,0.07,0.12,105.5,105.4,-4.75
247,Morehead St.,OVC,21-11,-6.57,100.5,107.1,63.4,0.143,-6.9,102.3,109.2,4.84
248,Winthrop,BSth,15-17,-6.62,108.7,115.3,67,0.032,-3.29,103.9,107.1,2.5
249,Canisius,MAAC,20-Oct,-6.66,101.9,108.6,67.8,-0.081,-3.13,103.6,106.7,3.57
250,Maryland Eastern Shore,MEAC,18-13,-6.71,94.4,101.1,69.8,0.084,-5.07,102,107.1,4.63
251,North Alabama,ASun,18-14,-6.84,105.4,112.2,68.7,0.123,-2.5,104.4,106.9,0.05
252,Army,Pat,17-16,-6.93,103.1,110,68.7,-0.043,-8.5,100.1,108.6,-9.03
253,Loyola Chicago,A10,21-Oct,-7,102.3,109.3,66.3,-0.036,-0.14,104.8,105,-4.14
254,Southeastern Louisiana,Slnd,18-14,-7,104.3,111.3,68.8,0.05,-6.77,102.9,109.7,5.96
255,UMBC,AE,18-14,-7.03,105.5,112.5,67.8,0.028,-8.36,100.8,109.2,-8.56
256,Rhode Island,A10,22-Sep,-7.07,97.9,105,67.4,-0.016,-0.67,104.2,104.9,-2.49
257,Southeast Missouri St.,OVC,19-16,-7.2,101,108.2,72.6,0.026,-7.56,101.6,109.1,1.09
258,USC Upstate,BSth,16-15,-7.42,99.2,106.6,68.1,0.094,-3.47,103.9,107.4,2.38
259,Niagara,MAAC,16-15,-7.45,101,108.5,63.3,0.092,-4.78,102.3,107.1,-5.02
260,Nicholls St.,Slnd,16-15,-7.8,99.5,107.3,70.6,0.023,-5.74,104.1,109.8,14.12
261,Bellarmine,ASun,15-18,-7.99,102.5,110.5,62.3,0.084,0.42,106.5,106.1,5.99
262,North Dakota,Sum,13-20,-8.02,103.5,111.6,67.3,-0.027,-3.1,104.6,107.7,0.19
263,Western Illinois,Sum,16-14,-8.06,103.2,111.3,66.8,0.068,-4.68,104.4,109.1,-3.32
264,Fairfield,MAAC,13-18,-8.08,99,107.1,65.2,0,-4.65,101.9,106.6,-1.28
265,California,P12,29-Mar,-8.2,97.9,106.1,63.6,-0.103,8.62,108.8,100.2,1.28
266,Miami OH,MAC,20-Dec,-8.22,103.9,112.1,66.9,-0.045,-2.57,105.7,108.2,-1.61
267,Prairie View A&M,SWAC,13-19,-8.36,94.4,102.8,68,-0.061,-5.99,100.7,106.7,5.6
268,Dartmouth,Ivy,18-Oct,-8.37,99.5,107.8,68.9,0.002,-1.32,104.1,105.4,-3.43
269,UC San Diego,BW,20-Oct,-8.55,102.1,110.7,66.2,0.03,0.01,104.7,104.7,1.28
270,Oakland,Horz,13-19,-8.66,103.9,112.5,68.5,0.046,-2.27,104.9,107.1,5.76
271,Southern Indiana,OVC,16-16,-8.66,103.4,112.1,69.4,-0.019,-7.67,101.8,109.5,-1.18
272,Boston University,Pat,15-17,-8.73,98.2,106.9,65.6,-0.001,-6.74,101.3,108,-4.12
273,Lafayette,Pat,23-Nov,-8.73,95.6,104.4,63.2,-0.061,-3.82,103.9,107.7,3.21
274,Southern,SWAC,15-17,-8.83,96.2,105.1,71.1,-0.008,-6.71,100.4,107.1,8.08
275,Tennessee Martin,OVC,19-14,-8.89,102,110.9,71.3,0.046,-8.43,101.4,109.8,-2.22
276,Marist,MAAC,13-19,-9.07,98.3,107.4,65.6,-0.027,-7.11,100.5,107.6,-10.24
277,Louisiana Monroe,SB,21-Nov,-9.18,98,107.2,66.1,-0.024,1.05,105.4,104.3,0.86
278,Georgia St.,SB,21-Oct,-9.23,98.3,107.5,67.1,-0.077,-1.34,103.9,105.2,-5.12
279,Mount St. Mary's,MAAC,13-20,-9.27,97.2,106.4,65.9,0.028,-3.95,102.7,106.7,-1.58
280,American,Pat,17-15,-9.33,100.9,110.3,62.7,0.049,-8.3,100.6,108.9,-8.71
281,Bowling Green,MAC,20-11,-9.33,103.9,113.2,69.8,-0.066,-3.76,104.9,108.7,-5.68
282,Illinois St.,MVC,21-Nov,-9.36,100.7,110.1,65.1,-0.02,-4.19,102.9,107.1,-7.82
283,Maine,AE,13-17,-9.37,99.3,108.6,66,-0.001,-3.89,103,106.9,0.29
284,Arkansas St.,SB,13-20,-9.46,100.4,109.9,63.5,-0.012,-2.94,103.2,106.2,-10.36
285,New Hampshire,AE,15-15,-9.67,97.6,107.2,64.3,0.05,-6.01,102.3,108.4,-5.11
286,Lehigh,Pat,16-14,-9.7,98,107.7,69.7,0.084,-6.87,101.4,108.3,-2.06
287,Tennessee Tech,OVC,16-17,-9.72,101.7,111.4,66.8,0.019,-7.11,101.5,108.6,1.96
288,UTSA,CUSA,22-Oct,-9.95,102.2,112.2,69.3,0.022,1.11,105.5,104.4,-5.58
289,Valparaiso,MVC,21-Nov,-9.96,98.5,108.5,68,-0.008,-2.47,104.2,106.7,-4.73
290,Cal Poly,BW,25-8,-9.98,94.4,104.4,64.3,-0.108,-0.1,104.6,104.7,0.09
291,Tennessee St.,OVC,18-14,-10.01,101.3,111.3,71.1,0.01,-10.11,100.2,110.3,-8.89
292,Cal St. Bakersfield,BW,22-Nov,-10.06,95.3,105.4,63.3,0.004,-0.56,103.9,104.5,0.37
293,South Dakota,Sum,19-Dec,-10.11,103.5,113.6,66.1,-0.014,-2.89,104.2,107.1,2.22
294,Texas Southern,SWAC,13-20,-10.21,96.8,107,69.4,0.011,-4.84,100.9,105.8,11.08
295,Louisville,ACC,28-Apr,-10.22,101.5,111.7,66.6,-0.035,6.11,108.9,102.8,1.92
296,Chicago St.,ind,20-Nov,-10.31,103.3,113.6,64.5,-0.056,-0.01,105.9,105.9,1.96
297,Denver,Sum,15-17,-10.4,100.9,111.3,68.7,0.029,-6.4,103.4,109.8,-8.35
298,Coastal Carolina,SB,20-Nov,-10.46,104.4,114.8,68.5,0.019,-1.03,104.7,105.8,-2.52
299,Illinois Chicago,MVC,20-Dec,-10.66,98.2,108.8,69.1,0.019,-3.55,102.3,105.8,-10.23
300,Idaho,BSky,22-Oct,-10.69,103,113.6,66,-0.057,-3.35,104.4,107.8,-5.97
301,Jackson St.,SWAC,14-19,-10.78,99.4,110.1,68.2,0.084,-4.56,100.8,105.4,9.37
302,High Point,BSth,14-17,-11.07,100.3,111.4,71.6,0.054,-5.5,103.3,108.8,-4.27
303,Texas A&M Commerce,Slnd,13-20,-11.09,101.6,112.7,65.5,0.026,-6.48,102.8,109.2,1.68
304,Charleston Southern,BSth,21-Oct,-11.23,105.5,116.7,66,-0.08,-4,103.3,107.3,0.69
305,Alabama A&M,SWAC,15-18,-11.28,96.8,108.1,68.4,-0.011,-8.27,99.5,107.8,2.07
306,Bucknell,Pat,20-12,-11.42,99.1,110.5,66.9,-0.061,-7.92,100.1,108,-7.69
307,Manhattan,MAAC,18-Dec,-11.53,97.6,109.2,67.2,0.047,-5.7,101.8,107.5,-6.66
308,UMKC,Sum,21-Nov,-11.66,96.5,108.2,63.9,-0.013,-3.13,105.1,108.2,2.08
309,Saint Peter's,MAAC,14-18,-11.66,97,108.7,63.1,0.055,-6.03,101.4,107.5,-8.34
310,Northeastern,CAA,20-Oct,-11.88,98,109.8,66.9,-0.006,-4.15,102.7,106.8,-1.81
311,Binghamton,AE,13-18,-11.89,98.8,110.7,66.2,0.028,-5.51,103.1,108.6,-4.98
312,Fairleigh Dickinson,NEC,19-15,-12.22,106.3,118.5,68.9,0.017,-13.93,96.5,110.4,-7.07
313,Tulsa,Amer,25-May,-12.32,99.1,111.4,68.1,-0.046,3.92,106.9,103,-3.24
314,Morgan St.,MEAC,15-16,-12.35,94.6,106.9,70.9,0.073,-5.53,102.1,107.7,2.18
315,Merrimack,NEC,18-16,-12.4,89.6,102,66.5,0.055,-11.58,99.3,110.9,1.52
316,Nebraska Omaha,Sum,23-Sep,-12.5,100.6,113.1,68,0.002,-1.03,105.2,106.2,8.38
317,Eastern Michigan,MAC,23-Aug,-12.62,101.9,114.5,69.3,-0.011,-1.23,106.4,107.6,-0.54
318,Wagner,NEC,15-13,-12.86,93.9,106.7,62.2,0.019,-12.88,97.4,110.3,-3.01
319,North Carolina A&T,CAA,13-19,-13.12,98.3,111.5,70.1,0.054,-4.06,102.5,106.6,5.18
320,William & Mary,CAA,13-20,-13.28,99.9,113.1,65.3,0.031,-4.57,103,107.6,0.61
321,Arkansas Pine Bluff,SWAC,21-10,-13.34,94.7,108.1,69.7,-0.07,-4.7,100.4,105.1,14.05
322,Little Rock,OVC,21-Oct,-13.38,102.3,115.7,71.1,-0.025,-7.14,101.6,108.7,-0.23
323,Western Michigan,MAC,23-Aug,-13.6,103,116.6,65.8,-0.055,-1.88,104.7,106.6,0.66
324,Austin Peay,ASun,22-9,-13.92,97.2,111.1,64.9,-0.058,-2.09,105.5,107.6,0.82
325,The Citadel,SC,22-Oct,-13.96,98.3,112.2,67.3,0,-3.26,104.4,107.6,-3.44
326,Cal St. Northridge,BW,25-Jul,-13.97,95.9,109.8,65.5,-0.002,-1.35,103.6,105,-2.68
327,Loyola MD,Pat,13-20,-14.14,99,113.1,66.2,0.032,-6.72,101.4,108.2,-4.57
328,Stony Brook,CAA,22-Nov,-14.5,96.2,110.7,64.3,0.022,-3.92,102.6,106.5,1.36
329,New Orleans,Slnd,20-Dec,-14.82,98.2,113,71.5,-0.01,-8.26,102.7,110.9,1.78
330,Sacred Heart,NEC,16-17,-14.85,96.5,111.4,69.8,0.027,-13.57,96.7,110.3,-7.7
331,NJIT,AE,23-Jul,-14.89,97.2,112.1,66.4,-0.061,-5.5,103.2,108.7,-5.24
332,Central Arkansas,ASun,22-Sep,-15.25,98.7,114,72.4,0.059,-2.49,105,107.5,-1.35
333,Central Michigan,MAC,21-Oct,-15.27,93.2,108.4,67.3,0.036,-2.68,105.6,108.3,-1.66
334,McNeese St.,Slnd,23-Nov,-15.34,99.1,114.4,66.4,0.016,-6,103.2,109.2,6.76
335,Stonehill,NEC,14-17,-15.42,94.8,110.3,66.4,0.072,-10.33,99.1,109.4,-0.58
336,Incarnate Word,Slnd,19-Dec,-15.82,96.7,112.5,67.1,0.012,-8.28,101.8,110.1,-2.13
337,Elon,CAA,24-Aug,-16,96.9,112.9,66.1,-0.024,-4.53,102.3,106.9,-1.79
338,Coppin St.,MEAC,23-Sep,-16.03,99.3,115.3,71.6,0.067,-2.16,103.4,105.6,4
339,Lindenwood,OVC,21-Nov,-16.64,95.9,112.5,66.9,0.004,-6.55,102.3,108.9,2.44
340,Columbia,Ivy,22-Jul,-16.85,94.5,111.4,69.6,0.013,-2.19,103.7,105.9,-6.79
341,St. Francis PA,NEC,13-18,-16.87,99.8,116.7,68.5,-0.009,-11.83,98.2,110,-0.79
342,Holy Cross,Pat,22-Oct,-16.88,94.3,111.2,69.2,0.005,-7.25,100.7,108,-6.31
343,Central Connecticut,NEC,22-Oct,-16.9,97.3,114.2,64.5,-0.059,-11.39,97.8,109.2,-4.43
344,Eastern Illinois,OVC,22-Sep,-17.05,94.2,111.3,68.1,0.005,-7.92,102,109.9,-3.18
345,South Carolina St.,MEAC,26-May,-17.08,98.7,115.8,71.8,-0.045,-2.3,104.1,106.4,4.15
346,Presbyterian,BSth,27-May,-17.2,93.9,111.1,64.8,-0.104,-4.83,103.7,108.5,-4.01
347,Albany,AE,23-8,-17.33,98.9,116.2,67.4,-0.027,-3.69,103.4,107.1,0.12
348,Bethune Cookman,SWAC,20-12,-17.33,97.2,114.5,69.1,0.038,-7.55,100.6,108.1,-0.75
349,Alabama St.,SWAC,23-8,-17.57,93.3,110.9,66.1,0.005,-5.01,101.4,106.4,7.89
350,Monmouth,CAA,26-Jul,-17.75,92.8,110.5,68.5,-0.016,-2.02,104.2,106.2,5.45
351,Hampton,CAA,24-Aug,-18.23,97.6,115.8,69.1,0.007,-4.64,102.8,107.4,-1.54
352,Evansville,MVC,27-May,-18.34,91.7,110,69.7,-0.004,-1.01,104.7,105.7,-1
353,Houston Christian,Slnd,22-Oct,-18.81,102.2,121,70.8,-0.02,-7.87,102.5,110.4,0.01
354,VMI,SC,25-Jul,-19.7,98.5,118.2,66.8,0.005,-2.47,104.7,107.2,-2.45
355,Mississippi Valley St.,SWAC,27-May,-19.8,92.8,112.6,67.3,-0.026,-3.41,102.3,105.7,9.22
356,Lamar,Slnd,22-Sep,-20.25,95.1,115.3,65.9,0.004,-7.68,102.4,110.1,-1.45
357,Delaware St.,MEAC,24-Jun,-20.37,92.3,112.6,68,0.012,-4.75,102,106.8,0.85
358,Florida A&M,SWAC,22-Jul,-20.41,89.8,110.2,65.2,0.005,-4.1,101.9,106,13.07
359,St. Francis NY,NEC,14-16,-20.99,90.3,111.3,66.2,0.082,-14.12,97.7,111.8,-9.2
360,IUPUI,Horz,27-May,-21.83,96,117.9,67.2,-0.076,-5.26,103.1,108.3,-6.51
361,Green Bay,Horz,29-Mar,-26.29,90.7,117,65.3,0.029,-2.3,104.8,107.1,2.11
362,Hartford,ind,23-May,-29.71,89.6,119.3,65.7,-0.039,-9.47,100.1,109.6,-9.36
363,LIU,NEC,26-Mar,-30.58,86.7,117.2,72.7,-0.024,-8.9,99.8,108.7,5.81
